<?xml version="1.0" encoding="UTF-8"?>
<jcr:root xmlns:sling="http://sling.apache.org/jcr/sling/1.0" xmlns:granite="http://www.adobe.com/jcr/granite/1.0" xmlns:cq="http://www.day.com/jcr/cq/1.0" xmlns:jcr="http://www.jcp.org/jcr/1.0" xmlns:nt="http://www.jcp.org/jcr/nt/1.0"
    jcr:primaryType="cq:Page">
    <jcr:content jcr:primaryType="nt:unstructured">
        <actions jcr:primaryType="nt:unstructured">
            <selection
                jcr:primaryType="nt:unstructured"
                sling:hideChildren="[create/items/createworkflow]">
                <startworkflow
                    granite:class="cq-damadmin-admin-checkout-restricted"
                    granite:rel="cq-damadmin-admin-actions-createworkflow"
                    jcr:primaryType="nt:unstructured"
                    sling:orderBefore="extractarchive"
                    sling:resourceType="granite/ui/components/coral/foundation/collection/action"
                    action="foundation.dialog"
                    activeSelectionCount="multiple"
                    icon="workflow"
                    target=".cq-damadmin-admin-childpages"
                    text="Workflow"
                    variant="actionBar">
                    <data
                        jcr:primaryType="nt:unstructured"
                        nesting="hide"
                        src.uritemplate="/mnt/overlay/dam/gui/content/commons/createworkflowdialog.html"/>
                    <granite:rendercondition
                        jcr:primaryType="nt:unstructured"
                        sling:resourceType="cq/gui/components/renderconditions/canreadworkflowmodels"/>
                </startworkflow>
                <create
                    jcr:primaryType="nt:unstructured"
                    sling:orderBefore="startworkflow">
                    <items jcr:primaryType="nt:unstructured">
                        <createworkflow
                            jcr:primaryType="nt:unstructured"
                            sling:hideResource="{Boolean}true"/>
                    </items>
                </create>
            </selection>
        </actions>
    </jcr:content>
</jcr:root>
